-- phpMyAdmin SQL Dump
-- version 4.5.1
-- http://www.phpmyadmin.net
--
-- Host: 127.0.0.1
-- Generation Time: Dec 12, 2015 at 06:06 AM
-- Server version: 10.1.8-MariaDB
-- PHP Version: 5.6.14

SET SQL_MODE = "NO_AUTO_VALUE_ON_ZERO";
SET time_zone = "+00:00";


/*!40101 SET @OLD_CHARACTER_SET_CLIENT=@@CHARACTER_SET_CLIENT */;
/*!40101 SET @OLD_CHARACTER_SET_RESULTS=@@CHARACTER_SET_RESULTS */;
/*!40101 SET @OLD_COLLATION_CONNECTION=@@COLLATION_CONNECTION */;
/*!40101 SET NAMES utf8mb4 */;

--
-- Database: `power`
--

-- --------------------------------------------------------

--
-- Table structure for table `tbl_coal_power_generation`
--

CREATE TABLE `tbl_coal_power_generation` (
  `date` date NOT NULL,
  `target` float DEFAULT NULL,
  `actual` float DEFAULT NULL
) ENGINE=InnoDB DEFAULT CHARSET=latin1;

--
-- Dumping data for table `tbl_coal_power_generation`
--

INSERT INTO `tbl_coal_power_generation` (`date`, `target`, `actual`) VALUES
('0000-00-00', 0, 0),
('2015-01-01', 1920, 1440),
('2015-01-02', 1921.52, 1442.36),
('2015-01-03', 1923.05, 1444.71),
('2015-01-04', 1924.57, 1447.07),
('2015-01-05', 1926.1, 1449.43),
('2015-01-06', 1927.62, 1451.79),
('2015-01-07', 1929.14, 1454.14),
('2015-01-08', 1930.67, 1456.5),
('2015-01-09', 1932.19, 1458.86),
('2015-01-10', 1933.72, 1461.22),
('2015-01-11', 1935.24, 1463.57),
('2015-01-12', 1936.76, 1465.93),
('2015-01-13', 1938.29, 1468.29),
('2015-01-14', 1939.81, 1470.64),
('2015-01-15', 1941.34, 1473),
('2015-01-16', 1942.86, 1475.36),
('2015-01-17', 1944.38, 1477.72),
('2015-01-18', 1945.91, 1480.07),
('2015-01-19', 1947.43, 1482.43),
('2015-01-20', 1948.96, 1484.79),
('2015-01-21', 1950.48, 1487.15),
('2015-01-22', 1952, 1489.5),
('2015-01-23', 1953.53, 1491.86),
('2015-01-24', 1955.05, 1494.22),
('2015-01-25', 1956.58, 1496.57),
('2015-01-26', 1958.1, 1498.93),
('2015-01-27', 1959.62, 1501.29),
('2015-01-28', 1961.15, 1503.65),
('2015-01-29', 1962.67, 1506),
('2015-01-30', 1964.2, 1508.36),
('2015-01-31', 1965.72, 1510.72),
('2015-02-01', 1967.25, 1513.08),
('2015-02-02', 1968.77, 1515.43),
('2015-02-03', 1970.29, 1517.79),
('2015-02-04', 1971.82, 1520.15),
('2015-02-05', 1973.34, 1522.5),
('2015-02-06', 1974.87, 1524.86),
('2015-02-07', 1976.39, 1527.22),
('2015-02-08', 1977.91, 1529.58),
('2015-02-09', 1979.44, 1531.93),
('2015-02-10', 1980.96, 1534.29),
('2015-02-11', 1982.49, 1536.65),
('2015-02-12', 1984.01, 1539.01),
('2015-02-13', 1985.53, 1541.36),
('2015-02-14', 1987.06, 1543.72),
('2015-02-15', 1988.58, 1546.08),
('2015-02-16', 1990.11, 1548.43),
('2015-02-17', 1991.63, 1550.79),
('2015-02-18', 1993.15, 1553.15),
('2015-02-19', 1994.68, 1555.51),
('2015-02-20', 1996.2, 1557.86),
('2015-02-21', 1997.73, 1560.22),
('2015-02-22', 1999.25, 1562.58),
('2015-02-23', 2000.77, 1564.94),
('2015-02-24', 2002.3, 1567.29),
('2015-02-25', 2003.82, 1569.65),
('2015-02-26', 2005.35, 1572.01),
('2015-02-27', 2006.87, 1574.36),
('2015-02-28', 2008.39, 1576.72),
('2015-03-01', 2009.92, 1579.08),
('2015-03-02', 2011.44, 1581.44),
('2015-03-03', 2012.97, 1583.79),
('2015-03-04', 2014.49, 1586.15),
('2015-03-05', 2016.01, 1588.51),
('2015-03-06', 2017.54, 1590.87),
('2015-03-07', 2019.06, 1593.22),
('2015-03-08', 2020.59, 1595.58),
('2015-03-09', 2022.11, 1597.94),
('2015-03-10', 2023.63, 1600.29),
('2015-03-11', 2025.16, 1602.65),
('2015-03-12', 2026.68, 1605.01),
('2015-03-13', 2028.21, 1607.37),
('2015-03-14', 2029.73, 1609.72),
('2015-03-15', 2031.25, 1612.08),
('2015-03-16', 2032.78, 1614.44),
('2015-03-17', 2034.3, 1616.8),
('2015-03-18', 2035.83, 1619.15),
('2015-03-19', 2037.35, 1621.51),
('2015-03-20', 2038.87, 1623.87),
('2015-03-21', 2040.4, 1626.22),
('2015-03-22', 2041.92, 1628.58),
('2015-03-23', 2043.45, 1630.94),
('2015-03-24', 2044.97, 1633.3),
('2015-03-25', 2046.49, 1635.65),
('2015-03-26', 2048.02, 1638.01),
('2015-03-27', 2049.54, 1640.37),
('2015-03-28', 2051.07, 1642.73),
('2015-03-29', 2052.59, 1645.08),
('2015-03-30', 2054.12, 1647.44),
('2015-03-31', 2055.64, 1649.8),
('2015-04-01', 2057.16, 1652.15),
('2015-04-02', 2058.69, 1654.51),
('2015-04-03', 2060.21, 1656.87),
('2015-04-04', 2061.74, 1659.23),
('2015-04-05', 2063.26, 1661.58),
('2015-04-06', 2064.78, 1663.94),
('2015-04-07', 2066.31, 1666.3),
('2015-04-08', 2067.83, 1668.66),
('2015-04-09', 2069.36, 1671.01),
('2015-04-10', 2070.88, 1673.37),
('2015-04-11', 2072.4, 1675.73),
('2015-04-12', 2073.93, 1678.08),
('2015-04-13', 2075.45, 1680.44),
('2015-04-14', 2076.98, 1682.8),
('2015-04-15', 2078.5, 1685.16),
('2015-04-16', 2080.02, 1687.51),
('2015-04-17', 2081.55, 1689.87),
('2015-04-18', 2083.07, 1692.23),
('2015-04-19', 2084.6, 1694.59),
('2015-04-20', 2086.12, 1696.94),
('2015-04-21', 2087.64, 1699.3),
('2015-04-22', 2089.17, 1701.66),
('2015-04-23', 2090.69, 1704.01),
('2015-04-24', 2092.22, 1706.37),
('2015-04-25', 2093.74, 1708.73),
('2015-04-26', 2095.26, 1711.09),
('2015-04-27', 2096.79, 1713.44),
('2015-04-28', 2098.31, 1715.8),
('2015-04-29', 2099.84, 1718.16),
('2015-04-30', 2101.36, 1720.52),
('2015-05-01', 2102.88, 1722.87),
('2015-05-02', 2104.41, 1725.23),
('2015-05-03', 2105.93, 1727.59),
('2015-05-04', 2107.46, 1729.94),
('2015-05-05', 2108.98, 1732.3),
('2015-05-06', 2110.5, 1734.66),
('2015-05-07', 2112.03, 1737.02),
('2015-05-08', 2113.55, 1739.37),
('2015-05-09', 2115.08, 1741.73),
('2015-05-10', 2116.6, 1744.09),
('2015-05-11', 2118.12, 1746.45),
('2015-05-12', 2119.65, 1748.8),
('2015-05-13', 2121.17, 1751.16),
('2015-05-14', 2122.7, 1753.52),
('2015-05-15', 2124.22, 1755.87),
('2015-05-16', 2125.74, 1758.23),
('2015-05-17', 2127.27, 1760.59),
('2015-05-18', 2128.79, 1762.95),
('2015-05-19', 2130.32, 1765.3),
('2015-05-20', 2131.84, 1767.66),
('2015-05-21', 2133.36, 1770.02),
('2015-05-22', 2134.89, 1772.38),
('2015-05-23', 2136.41, 1774.73),
('2015-05-24', 2137.94, 1777.09),
('2015-05-25', 2139.46, 1779.45),
('2015-05-26', 2140.99, 1781.8),
('2015-05-27', 2142.51, 1784.16),
('2015-05-28', 2144.03, 1786.52),
('2015-05-29', 2145.56, 1788.88),
('2015-05-30', 2147.08, 1791.23),
('2015-05-31', 2148.61, 1793.59),
('2015-06-01', 2150.13, 1795.95),
('2015-06-02', 2151.65, 1798.31),
('2015-06-03', 2153.18, 1800.66),
('2015-06-04', 2154.7, 1803.02),
('2015-06-05', 2156.23, 1805.38),
('2015-06-06', 2157.75, 1807.73),
('2015-06-07', 2159.27, 1810.09),
('2015-06-08', 2160.8, 1812.45),
('2015-06-09', 2162.32, 1814.81),
('2015-06-10', 2163.85, 1817.16),
('2015-06-11', 2165.37, 1819.52),
('2015-06-12', 2166.89, 1821.88),
('2015-06-13', 2168.42, 1824.24),
('2015-06-14', 2169.94, 1826.59),
('2015-06-15', 2171.47, 1828.95),
('2015-06-16', 2172.99, 1831.31),
('2015-06-17', 2174.51, 1833.66),
('2015-06-18', 2176.04, 1836.02),
('2015-06-19', 2177.56, 1838.38),
('2015-06-20', 2179.09, 1840.74),
('2015-06-21', 2180.61, 1843.09),
('2015-06-22', 2182.13, 1845.45),
('2015-06-23', 2183.66, 1847.81),
('2015-06-24', 2185.18, 1850.16),
('2015-06-25', 2186.71, 1852.52),
('2015-06-26', 2188.23, 1854.88),
('2015-06-27', 2189.75, 1857.24),
('2015-06-28', 2191.28, 1859.59),
('2015-06-29', 2192.8, 1861.95),
('2015-06-30', 2194.33, 1864.31),
('2015-07-01', 2195.85, 1866.67),
('2015-07-02', 2197.37, 1869.02),
('2015-07-03', 2198.9, 1871.38),
('2015-07-04', 2200.42, 1873.74),
('2015-07-05', 2201.95, 1876.09),
('2015-07-06', 2203.47, 1878.45),
('2015-07-07', 2204.99, 1880.81),
('2015-07-08', 2206.52, 1883.17),
('2015-07-09', 2208.04, 1885.52),
('2015-07-10', 2209.57, 1887.88),
('2015-07-11', 2211.09, 1890.24),
('2015-07-12', 2212.61, 1892.6),
('2015-07-13', 2214.14, 1894.95),
('2015-07-14', 2215.66, 1897.31),
('2015-07-15', 2217.19, 1899.67),
('2015-07-16', 2218.71, 1902.02),
('2015-07-17', 2220.24, 1904.38),
('2015-07-18', 2221.76, 1906.74),
('2015-07-19', 2223.28, 1909.1),
('2015-07-20', 2224.81, 1911.45),
('2015-07-21', 2226.33, 1913.81),
('2015-07-22', 2227.86, 1916.17),
('2015-07-23', 2229.38, 1918.53),
('2015-07-24', 2230.9, 1920.88),
('2015-07-25', 2232.43, 1923.24),
('2015-07-26', 2233.95, 1925.6),
('2015-07-27', 2235.48, 1927.95),
('2015-07-28', 2237, 1930.31),
('2015-07-29', 2238.52, 1932.67),
('2015-07-30', 2240.05, 1935.03),
('2015-07-31', 2241.57, 1937.38),
('2015-08-01', 2243.1, 1939.74),
('2015-08-02', 2244.62, 1942.1),
('2015-08-03', 2246.14, 1944.46),
('2015-08-04', 2247.67, 1946.81),
('2015-08-05', 2249.19, 1949.17),
('2015-08-06', 2250.72, 1951.53),
('2015-08-07', 2252.24, 1953.88),
('2015-08-08', 2253.76, 1956.24),
('2015-08-09', 2255.29, 1958.6),
('2015-08-10', 2256.81, 1960.96),
('2015-08-11', 2258.34, 1963.31),
('2015-08-12', 2259.86, 1965.67),
('2015-08-13', 2261.38, 1968.03),
('2015-08-14', 2262.91, 1970.39),
('2015-08-15', 2264.43, 1972.74),
('2015-08-16', 2265.96, 1975.1),
('2015-08-17', 2267.48, 1977.46),
('2015-08-18', 2269, 1979.81),
('2015-08-19', 2270.53, 1982.17),
('2015-08-20', 2272.05, 1984.53),
('2015-08-21', 2273.58, 1986.89),
('2015-08-22', 2275.1, 1989.24),
('2015-08-23', 2276.62, 1991.6),
('2015-08-24', 2278.15, 1993.96),
('2015-08-25', 2279.67, 1996.32),
('2015-08-26', 2281.2, 1998.67),
('2015-08-27', 2282.72, 2001.03),
('2015-08-28', 2284.24, 2003.39),
('2015-08-29', 2285.77, 2005.74),
('2015-08-30', 2287.29, 2008.1),
('2015-08-31', 2288.82, 2010.46),
('2015-09-01', 2290.34, 2012.82),
('2015-09-02', 2291.86, 2015.17),
('2015-09-03', 2293.39, 2017.53),
('2015-09-04', 2294.91, 2019.89),
('2015-09-05', 2296.44, 2022.25),
('2015-09-06', 2297.96, 2024.6),
('2015-09-07', 2299.48, 2026.96),
('2015-09-08', 2301.01, 2029.32),
('2015-09-09', 2302.53, 2031.67),
('2015-09-10', 2304.06, 2034.03),
('2015-09-11', 2305.58, 2036.39),
('2015-09-12', 2307.11, 2038.75),
('2015-09-13', 2308.63, 2041.1),
('2015-09-14', 2310.15, 2043.46),
('2015-09-15', 2311.68, 2045.82),
('2015-09-16', 2313.2, 2048.18),
('2015-09-17', 2314.73, 2050.53),
('2015-09-18', 2316.25, 2052.89),
('2015-09-19', 2317.77, 2055.25),
('2015-09-20', 2319.3, 2057.6),
('2015-09-21', 2320.82, 2059.96),
('2015-09-22', 2322.35, 2062.32),
('2015-09-23', 2323.87, 2064.68),
('2015-09-24', 2325.39, 2067.03),
('2015-09-25', 2326.92, 2069.39),
('2015-09-26', 2328.44, 2071.75),
('2015-09-27', 2329.97, 2074.11),
('2015-09-28', 2331.49, 2076.46),
('2015-09-29', 2333.01, 2078.82),
('2015-09-30', 2334.54, 2081.18),
('2015-10-01', 2336.06, 2083.53),
('2015-10-02', 2337.59, 2085.89),
('2015-10-03', 2339.11, 2088.25),
('2015-10-04', 2340.63, 2090.61),
('2015-10-05', 2342.16, 2092.96),
('2015-10-06', 2343.68, 2095.32),
('2015-10-07', 2345.21, 2097.68),
('2015-10-08', 2346.73, 2100.04),
('2015-10-09', 2348.25, 2102.39),
('2015-10-10', 2349.78, 2104.75),
('2015-10-11', 2351.3, 2107.11),
('2015-10-12', 2352.83, 2109.46),
('2015-10-13', 2354.35, 2111.82),
('2015-10-14', 2355.87, 2114.18),
('2015-10-15', 2357.4, 2116.54),
('2015-10-16', 2358.92, 2118.89),
('2015-10-17', 2360.45, 2121.25),
('2015-10-18', 2361.97, 2123.61),
('2015-10-19', 2363.49, 2125.97),
('2015-10-20', 2365.02, 2128.32),
('2015-10-21', 2366.54, 2130.68),
('2015-10-22', 2368.07, 2133.04),
('2015-10-23', 2369.59, 2135.39),
('2015-10-24', 2371.11, 2137.75),
('2015-10-25', 2372.64, 2140.11),
('2015-10-26', 2374.16, 2142.47),
('2015-10-27', 2375.69, 2144.82),
('2015-10-28', 2377.21, 2147.18),
('2015-10-29', 2378.73, 2149.54),
('2015-10-30', 2380.26, 2151.9),
('2015-10-31', 2381.78, 2154.25),
('2015-11-01', 2383.31, 2156.61),
('2015-11-02', 2384.83, 2158.97),
('2015-11-03', 2386.35, 2161.32),
('2015-11-04', 2387.88, 2163.68),
('2015-11-05', 2389.4, 2166.04),
('2015-11-06', 2390.93, 2168.4),
('2015-11-07', 2392.45, 2170.75),
('2015-11-08', 2393.98, 2173.11),
('2015-11-09', 2395.5, 2175.47),
('2015-11-10', 2397.02, 2177.83),
('2015-11-11', 2398.55, 2180.18),
('2015-11-12', 2400.07, 2182.54),
('2015-11-13', 2401.6, 2184.9),
('2015-11-14', 2403.12, 2187.25),
('2015-11-15', 2404.64, 2189.61),
('2015-11-16', 2406.17, 2191.97),
('2015-11-17', 2407.69, 2194.33),
('2015-11-18', 2409.22, 2196.68),
('2015-11-19', 2410.74, 2199.04),
('2015-11-20', 2412.26, 2201.4),
('2015-11-21', 2413.79, 2203.76),
('2015-11-22', 2415.31, 2206.11),
('2015-11-23', 2416.84, 2208.47),
('2015-11-24', 2418.36, 2210.83),
('2015-11-25', 2419.88, 2213.18),
('2015-11-26', 2421.41, 2215.54),
('2015-11-27', 2422.93, 2217.9),
('2015-11-28', 2424.46, 2220.26),
('2015-11-29', 2425.98, 2222.61),
('2015-11-30', 2427.5, 2224.97),
('2015-12-01', 2429.03, 2227.33),
('2015-12-02', 2430.55, 2229.69),
('2015-12-03', 2432.08, 2232.04),
('2015-12-04', 2433.6, 2234.4),
('2015-12-05', 2435.12, 2236.76),
('2015-12-06', 2436.65, 2239.11),
('2015-12-07', 2433.6, 2234.4),
('2015-12-08', 145, 146),
('2015-12-09', 123, 123),
('2015-12-10', 123, 13.13),
('2015-12-17', 12.12, 45),
('2015-12-25', 85, 58),
('2015-12-26', 65, 66);

-- --------------------------------------------------------

--
-- Table structure for table `tbl_critical_coal_plant`
--

CREATE TABLE `tbl_critical_coal_plant` (
  `date` date DEFAULT NULL,
  `target` float DEFAULT NULL,
  `actual` float DEFAULT NULL

) ENGINE=InnoDB DEFAULT CHARSET=latin1;
INSERT INTO `tbl_critical_coal_plant` (`date`, `actual`,`target`) VALUES
('2015-01-01', 19, 14),
('2015-01-02', 11, 14),
('2015-01-03', 12, 1444.71),
('2015-01-04', 13, 1447.07),
('2015-01-05', 18, 1449.43),
('2015-01-06', 14, 1451.79),
('2015-01-07', 15, 1454.14),
('2015-01-08', 18, 1456.5);


-- --------------------------------------------------------

--
-- Table structure for table `tbl_energy_shortage_daily`
--

CREATE TABLE `tbl_energy_shortage_daily` (
  `date` date DEFAULT NULL,
  `target` float DEFAULT NULL,
  `actual` float DEFAULT NULL
) ENGINE=InnoDB DEFAULT CHARSET=latin1;

INSERT INTO `tbl_energy_shortage_daily` (`date`, `target`, `actual`) VALUES
('2015-01-01', 19, 40),
('2015-01-02', 21.52, 42.36),
('2015-01-03', 23.05, 44.71),
('2015-01-04', 24.57, 47.07),
('2015-01-05', 26.1, 19.43),
('2015-01-06', 27.62, 51.79),
('2015-01-07', 29.14, 54.14),
('2015-01-08', 30.67, 56.5),
('2015-01-09', 32.19, 58.86),
('2015-01-10', 33.72, 61.22),
('2015-01-11', 35.24, 63.57),
('2015-01-12', 36.76, 65.93),
('2015-01-13', 38.29, 68.29);
-- --------------------------------------------------------

--
-- Table structure for table `tbl_energy_shortage_monthly`
--

CREATE TABLE `tbl_energy_shortage_monthly` (
  `date` varchar(100) DEFAULT NULL,
  `target` float DEFAULT NULL,
  `actual` float DEFAULT NULL
) ENGINE=InnoDB DEFAULT CHARSET=latin1;

INSERT INTO `tbl_energy_shortage_monthly` (`date`, `target`, `actual`) VALUES
('2015-01-01', 19, 40),
('2015-01-02', 21.52, 42.36),
('2015-01-03', 23.05, 44.71),
('2015-01-04', 24.57, 47.07),
('2015-01-05', 26.1, 19.43),
('2015-01-06', 27.62, 51.79),
('2015-01-07', 29.14, 54.14),
('2015-01-08', 30.67, 56.5),
('2015-01-09', 32.19, 58.86),
('2015-01-10', 33.72, 61.22),
('2015-01-11', 35.24, 63.57),
('2015-01-12', 36.76, 65.93),
('2015-01-13', 38.29, 68.29);
-- --------------------------------------------------------

--
-- Table structure for table `tbl_energy_shortage_ytd`
--

CREATE TABLE `tbl_energy_shortage_ytd` (
  `date` varchar(10) DEFAULT NULL,
  `target` float DEFAULT NULL,
  `actual` float DEFAULT NULL
) ENGINE=InnoDB DEFAULT CHARSET=latin1;

INSERT INTO `tbl_energy_shortage_ytd` (`date`, `target`, `actual`) VALUES

('2015-01-01', 19, 40),
('2015-01-02', 21.52, 42.36),
('2015-01-03', 23.05, 44.71),
('2015-01-04', 24.57, 47.07),
('2015-01-05', 26.1, 19.43),
('2015-01-06', 27.62, 51.79),
('2015-01-07', 29.14, 54.14),
('2015-01-08', 30.67, 56.5),
('2015-01-09', 32.19, 58.86),
('2015-01-10', 33.72, 61.22),
('2015-01-11', 35.24, 63.57),
('2015-01-12', 36.76, 65.93),
('2015-01-13', 38.29, 68.29);
-- --------------------------------------------------------

--
-- Table structure for table `tbl_gas_power_generation`
--

CREATE TABLE `tbl_gas_power_generation` (
  `date` date NOT NULL,
  `target` float DEFAULT NULL,
  `actual` float DEFAULT NULL
) ENGINE=InnoDB DEFAULT CHARSET=latin1;

--
-- Dumping data for table `tbl_gas_power_generation`
--

INSERT INTO `tbl_gas_power_generation` (`date`, `target`, `actual`) VALUES
('2015-01-01', 240, 180),
('2015-01-02', 240.19, 180.29),
('2015-01-03', 240.38, 180.59),
('2015-01-04', 240.57, 180.88),
('2015-01-05', 240.76, 181.18),
('2015-01-06', 240.95, 181.47),
('2015-01-07', 241.14, 181.77),
('2015-01-08', 241.33, 182.06),
('2015-01-09', 241.52, 182.36),
('2015-01-10', 241.71, 182.65),
('2015-01-11', 241.91, 182.95),
('2015-01-12', 242.1, 183.24),
('2015-01-13', 242.29, 183.54),
('2015-01-14', 242.48, 183.83),
('2015-01-15', 242.67, 184.13),
('2015-01-16', 242.86, 184.42),
('2015-01-17', 243.05, 184.71),
('2015-01-18', 243.24, 185.01),
('2015-01-19', 243.43, 185.3),
('2015-01-20', 243.62, 185.6),
('2015-01-21', 243.81, 185.89),
('2015-01-22', 244, 186.19),
('2015-01-23', 244.19, 186.48),
('2015-01-24', 244.38, 186.78),
('2015-01-25', 244.57, 187.07),
('2015-01-26', 244.76, 187.37),
('2015-01-27', 244.95, 187.66),
('2015-01-28', 245.14, 187.96),
('2015-01-29', 245.33, 188.25),
('2015-01-30', 245.52, 188.55),
('2015-01-31', 245.72, 188.84),
('2015-02-01', 245.91, 189.13),
('2015-02-02', 246.1, 189.43),
('2015-02-03', 246.29, 189.72),
('2015-02-04', 246.48, 190.02),
('2015-02-05', 246.67, 190.31),
('2015-02-06', 246.86, 190.61),
('2015-02-07', 247.05, 190.9),
('2015-02-08', 247.24, 191.2),
('2015-02-09', 247.43, 191.49),
('2015-02-10', 247.62, 191.79),
('2015-02-11', 247.81, 192.08),
('2015-02-12', 248, 192.38),
('2015-02-13', 248.19, 192.67),
('2015-02-14', 248.38, 192.96),
('2015-02-15', 248.57, 193.26),
('2015-02-16', 248.76, 193.55),
('2015-02-17', 248.95, 193.85),
('2015-02-18', 249.14, 194.14),
('2015-02-19', 249.33, 194.44),
('2015-02-20', 249.53, 194.73),
('2015-02-21', 249.72, 195.03),
('2015-02-22', 249.91, 195.32),
('2015-02-23', 250.1, 195.62),
('2015-02-24', 250.29, 195.91),
('2015-02-25', 250.48, 196.21),
('2015-02-26', 250.67, 196.5),
('2015-02-27', 250.86, 196.8),
('2015-02-28', 251.05, 197.09),
('2015-03-01', 251.24, 197.38),
('2015-03-02', 251.43, 197.68),
('2015-03-03', 251.62, 197.97),
('2015-03-04', 251.81, 198.27),
('2015-03-05', 252, 198.56),
('2015-03-06', 252.19, 198.86),
('2015-03-07', 252.38, 199.15),
('2015-03-08', 252.57, 199.45),
('2015-03-09', 252.76, 199.74),
('2015-03-10', 252.95, 200.04),
('2015-03-11', 253.14, 200.33),
('2015-03-12', 253.34, 200.63),
('2015-03-13', 253.53, 200.92),
('2015-03-14', 253.72, 201.22),
('2015-03-15', 253.91, 201.51),
('2015-03-16', 254.1, 201.8),
('2015-03-17', 254.29, 202.1),
('2015-03-18', 254.48, 202.39),
('2015-03-19', 254.67, 202.69),
('2015-03-20', 254.86, 202.98),
('2015-03-21', 255.05, 203.28),
('2015-03-22', 255.24, 203.57),
('2015-03-23', 255.43, 203.87),
('2015-03-24', 255.62, 204.16),
('2015-03-25', 255.81, 204.46),
('2015-03-26', 256, 204.75),
('2015-03-27', 256.19, 205.05),
('2015-03-28', 256.38, 205.34),
('2015-03-29', 256.57, 205.64),
('2015-03-30', 256.76, 205.93),
('2015-03-31', 256.95, 206.22),
('2015-04-01', 257.15, 206.52),
('2015-04-02', 257.34, 206.81),
('2015-04-03', 257.53, 207.11),
('2015-04-04', 257.72, 207.4),
('2015-04-05', 257.91, 207.7),
('2015-04-06', 258.1, 207.99),
('2015-04-07', 258.29, 208.29),
('2015-04-08', 258.48, 208.58),
('2015-04-09', 258.67, 208.88),
('2015-04-10', 258.86, 209.17),
('2015-04-11', 259.05, 209.47),
('2015-04-12', 259.24, 209.76),
('2015-04-13', 259.43, 210.06),
('2015-04-14', 259.62, 210.35),
('2015-04-15', 259.81, 210.64),
('2015-04-16', 260, 210.94),
('2015-04-17', 260.19, 211.23),
('2015-04-18', 260.38, 211.53),
('2015-04-19', 260.57, 211.82),
('2015-04-20', 260.76, 212.12),
('2015-04-21', 260.96, 212.41),
('2015-04-22', 261.15, 212.71),
('2015-04-23', 261.34, 213),
('2015-04-24', 261.53, 213.3),
('2015-04-25', 261.72, 213.59),
('2015-04-26', 261.91, 213.89),
('2015-04-27', 262.1, 214.18),
('2015-04-28', 262.29, 214.48),
('2015-04-29', 262.48, 214.77),
('2015-04-30', 262.67, 215.06),
('2015-05-01', 262.86, 215.36),
('2015-05-02', 263.05, 215.65),
('2015-05-03', 263.24, 215.95),
('2015-05-04', 263.43, 216.24),
('2015-05-05', 263.62, 216.54),
('2015-05-06', 263.81, 216.83),
('2015-05-07', 264, 217.13),
('2015-05-08', 264.19, 217.42),
('2015-05-09', 264.38, 217.72),
('2015-05-10', 264.58, 218.01),
('2015-05-11', 264.77, 218.31),
('2015-05-12', 264.96, 218.6),
('2015-05-13', 265.15, 218.89),
('2015-05-14', 265.34, 219.19),
('2015-05-15', 265.53, 219.48),
('2015-05-16', 265.72, 219.78),
('2015-05-17', 265.91, 220.07),
('2015-05-18', 266.1, 220.37),
('2015-05-19', 266.29, 220.66),
('2015-05-20', 266.48, 220.96),
('2015-05-21', 266.67, 221.25),
('2015-05-22', 266.86, 221.55),
('2015-05-23', 267.05, 221.84),
('2015-05-24', 267.24, 222.14),
('2015-05-25', 267.43, 222.43),
('2015-05-26', 267.62, 222.73),
('2015-05-27', 267.81, 223.02),
('2015-05-28', 268, 223.31),
('2015-05-29', 268.19, 223.61),
('2015-05-30', 268.39, 223.9),
('2015-05-31', 268.58, 224.2),
('2015-06-01', 268.77, 224.49),
('2015-06-02', 268.96, 224.79),
('2015-06-03', 269.15, 225.08),
('2015-06-04', 269.34, 225.38),
('2015-06-05', 269.53, 225.67),
('2015-06-06', 269.72, 225.97),
('2015-06-07', 269.91, 226.26),
('2015-06-08', 270.1, 226.56),
('2015-06-09', 270.29, 226.85),
('2015-06-10', 270.48, 227.15),
('2015-06-11', 270.67, 227.44),
('2015-06-12', 270.86, 227.73),
('2015-06-13', 271.05, 228.03),
('2015-06-14', 271.24, 228.32),
('2015-06-15', 271.43, 228.62),
('2015-06-16', 271.62, 228.91),
('2015-06-17', 271.81, 229.21),
('2015-06-18', 272, 229.5),
('2015-06-19', 272.2, 229.8),
('2015-06-20', 272.39, 230.09),
('2015-06-21', 272.58, 230.39),
('2015-06-22', 272.77, 230.68),
('2015-06-23', 272.96, 230.98),
('2015-06-24', 273.15, 231.27),
('2015-06-25', 273.34, 231.57),
('2015-06-26', 273.53, 231.86),
('2015-06-27', 273.72, 232.15),
('2015-06-28', 273.91, 232.45),
('2015-06-29', 274.1, 232.74),
('2015-06-30', 274.29, 233.04),
('2015-07-01', 274.48, 233.33),
('2015-07-02', 274.67, 233.63),
('2015-07-03', 274.86, 233.92),
('2015-07-04', 275.05, 234.22),
('2015-07-05', 275.24, 234.51),
('2015-07-06', 275.43, 234.81),
('2015-07-07', 275.62, 235.1),
('2015-07-08', 275.81, 235.4),
('2015-07-09', 276.01, 235.69),
('2015-07-10', 276.2, 235.99),
('2015-07-11', 276.39, 236.28),
('2015-07-12', 276.58, 236.57),
('2015-07-13', 276.77, 236.87),
('2015-07-14', 276.96, 237.16),
('2015-07-15', 277.15, 237.46),
('2015-07-16', 277.34, 237.75),
('2015-07-17', 277.53, 238.05),
('2015-07-18', 277.72, 238.34),
('2015-07-19', 277.91, 238.64),
('2015-07-20', 278.1, 238.93),
('2015-07-21', 278.29, 239.23),
('2015-07-22', 278.48, 239.52),
('2015-07-23', 278.67, 239.82),
('2015-07-24', 278.86, 240.11),
('2015-07-25', 279.05, 240.41),
('2015-07-26', 279.24, 240.7),
('2015-07-27', 279.43, 240.99),
('2015-07-28', 279.62, 241.29),
('2015-07-29', 279.82, 241.58),
('2015-07-30', 280.01, 241.88),
('2015-07-31', 280.2, 242.17),
('2015-08-01', 280.39, 242.47),
('2015-08-02', 280.58, 242.76),
('2015-08-03', 280.77, 243.06),
('2015-08-04', 280.96, 243.35),
('2015-08-05', 281.15, 243.65),
('2015-08-06', 281.34, 243.94),
('2015-08-07', 281.53, 244.24),
('2015-08-08', 281.72, 244.53),
('2015-08-09', 281.91, 244.82),
('2015-08-10', 282.1, 245.12),
('2015-08-11', 282.29, 245.41),
('2015-08-12', 282.48, 245.71),
('2015-08-13', 282.67, 246),
('2015-08-14', 282.86, 246.3),
('2015-08-15', 283.05, 246.59),
('2015-08-16', 283.24, 246.89),
('2015-08-17', 283.44, 247.18),
('2015-08-18', 283.63, 247.48),
('2015-08-19', 283.82, 247.77),
('2015-08-20', 284.01, 248.07),
('2015-08-21', 284.2, 248.36),
('2015-08-22', 284.39, 248.66),
('2015-08-23', 284.58, 248.95),
('2015-08-24', 284.77, 249.24),
('2015-08-25', 284.96, 249.54),
('2015-08-26', 285.15, 249.83),
('2015-08-27', 285.34, 250.13),
('2015-08-28', 285.53, 250.42),
('2015-08-29', 285.72, 250.72),
('2015-08-30', 285.91, 251.01),
('2015-08-31', 286.1, 251.31),
('2015-09-01', 286.29, 251.6),
('2015-09-02', 286.48, 251.9),
('2015-09-03', 286.67, 252.19),
('2015-09-04', 286.86, 252.49),
('2015-09-05', 287.05, 252.78),
('2015-09-06', 287.25, 253.08),
('2015-09-07', 287.44, 253.37),
('2015-09-08', 287.63, 253.66),
('2015-09-09', 287.82, 253.96),
('2015-09-10', 288.01, 254.25),
('2015-09-11', 288.2, 254.55),
('2015-09-12', 288.39, 254.84),
('2015-09-13', 288.58, 255.14),
('2015-09-14', 288.77, 255.43),
('2015-09-15', 288.96, 255.73),
('2015-09-16', 289.15, 256.02),
('2015-09-17', 289.34, 256.32),
('2015-09-18', 289.53, 256.61),
('2015-09-19', 289.72, 256.91),
('2015-09-20', 289.91, 257.2),
('2015-09-21', 290.1, 257.5),
('2015-09-22', 290.29, 257.79),
('2015-09-23', 290.48, 258.08),
('2015-09-24', 290.67, 258.38),
('2015-09-25', 290.86, 258.67),
('2015-09-26', 291.06, 258.97),
('2015-09-27', 291.25, 259.26),
('2015-09-28', 291.44, 259.56),
('2015-09-29', 291.63, 259.85),
('2015-09-30', 291.82, 260.15),
('2015-10-01', 292.01, 260.44),
('2015-10-02', 292.2, 260.74),
('2015-10-03', 292.39, 261.03),
('2015-10-04', 292.58, 261.33),
('2015-10-05', 292.77, 261.62),
('2015-10-06', 292.96, 261.92),
('2015-10-07', 293.15, 262.21),
('2015-10-08', 293.34, 262.5),
('2015-10-09', 293.53, 262.8),
('2015-10-10', 293.72, 263.09),
('2015-10-11', 293.91, 263.39),
('2015-10-12', 294.1, 263.68),
('2015-10-13', 294.29, 263.98),
('2015-10-14', 294.48, 264.27),
('2015-10-15', 294.67, 264.57),
('2015-10-16', 294.87, 264.86),
('2015-10-17', 295.06, 265.16),
('2015-10-18', 295.25, 265.45),
('2015-10-19', 295.44, 265.75),
('2015-10-20', 295.63, 266.04),
('2015-10-21', 295.82, 266.34),
('2015-10-22', 296.01, 266.63),
('2015-10-23', 296.2, 266.92),
('2015-10-24', 296.39, 267.22),
('2015-10-25', 296.58, 267.51),
('2015-10-26', 296.77, 267.81),
('2015-10-27', 296.96, 268.1),
('2015-10-28', 297.15, 268.4),
('2015-10-29', 297.34, 268.69),
('2015-10-30', 297.53, 268.99),
('2015-10-31', 297.72, 269.28),
('2015-11-01', 297.91, 269.58),
('2015-11-02', 298.1, 269.87),
('2015-11-03', 298.29, 270.17),
('2015-11-04', 298.48, 270.46),
('2015-11-05', 298.68, 270.75),
('2015-11-06', 298.87, 271.05),
('2015-11-07', 299.06, 271.34),
('2015-11-08', 299.25, 271.64),
('2015-11-09', 299.44, 271.93),
('2015-11-10', 299.63, 272.23),
('2015-11-11', 299.82, 272.52),
('2015-11-12', 300.01, 272.82),
('2015-11-13', 300.2, 273.11),
('2015-11-14', 300.39, 273.41),
('2015-11-15', 300.58, 273.7),
('2015-11-16', 300.77, 274),
('2015-11-17', 300.96, 274.29),
('2015-11-18', 301.15, 274.59),
('2015-11-19', 301.34, 274.88),
('2015-11-20', 301.53, 275.17),
('2015-11-21', 301.72, 275.47),
('2015-11-22', 301.91, 275.76),
('2015-11-23', 302.1, 276.06),
('2015-11-24', 302.29, 276.35),
('2015-11-25', 302.49, 276.65),
('2015-11-26', 302.68, 276.94),
('2015-11-27', 302.87, 277.24),
('2015-11-28', 303.06, 277.53),
('2015-11-29', 303.25, 277.83),
('2015-11-30', 303.44, 278.12),
('2015-12-01', 303.63, 278.42),
('2015-12-02', 303.82, 278.71),
('2015-12-03', 304.01, 279.01),
('2015-12-04', 304.2, 279.3),
('2015-12-05', 304.39, 279.59),
('2015-12-06', 304.58, 279.89),
('2015-12-07', 304.2, 279.3),
('2016-01-01', 1234570, 7654320);

-- --------------------------------------------------------

--
-- Table structure for table `tbl_hydro_power_generation`
--

CREATE TABLE `tbl_hydro_power_generation` (
  `date` date NOT NULL,
  `target` float DEFAULT NULL,
  `actual` float DEFAULT NULL
) ENGINE=InnoDB DEFAULT CHARSET=latin1;

--
-- Dumping data for table `tbl_hydro_power_generation`
--

INSERT INTO `tbl_hydro_power_generation` (`date`, `target`, `actual`) VALUES
('2015-01-01', 48, 36),
('2015-01-02', 48.04, 36.06),
('2015-01-03', 48.08, 36.12),
('2015-01-04', 48.11, 36.18),
('2015-01-05', 48.15, 36.24),
('2015-01-06', 48.19, 36.29),
('2015-01-07', 48.23, 36.35),
('2015-01-08', 48.27, 36.41),
('2015-01-09', 48.3, 36.47),
('2015-01-10', 48.34, 36.53),
('2015-01-11', 48.38, 36.59),
('2015-01-12', 48.42, 36.65),
('2015-01-13', 48.46, 36.71),
('2015-01-14', 48.5, 36.77),
('2015-01-15', 48.53, 36.83),
('2015-01-16', 48.57, 36.88),
('2015-01-17', 48.61, 36.94),
('2015-01-18', 48.65, 37),
('2015-01-19', 48.69, 37.06),
('2015-01-20', 48.72, 37.12),
('2015-01-21', 48.76, 37.18),
('2015-01-22', 48.8, 37.24),
('2015-01-23', 48.84, 37.3),
('2015-01-24', 48.88, 37.36),
('2015-01-25', 48.91, 37.41),
('2015-01-26', 48.95, 37.47),
('2015-01-27', 48.99, 37.53),
('2015-01-28', 49.03, 37.59),
('2015-01-29', 49.07, 37.65),
('2015-01-30', 49.1, 37.71),
('2015-01-31', 49.14, 37.77),
('2015-02-01', 49.18, 37.83),
('2015-02-02', 49.22, 37.89),
('2015-02-03', 49.26, 37.94),
('2015-02-04', 49.3, 38),
('2015-02-05', 49.33, 38.06),
('2015-02-06', 49.37, 38.12),
('2015-02-07', 49.41, 38.18),
('2015-02-08', 49.45, 38.24),
('2015-02-09', 49.49, 38.3),
('2015-02-10', 49.52, 38.36),
('2015-02-11', 49.56, 38.42),
('2015-02-12', 49.6, 38.48),
('2015-02-13', 49.64, 38.53),
('2015-02-14', 49.68, 38.59),
('2015-02-15', 49.71, 38.65),
('2015-02-16', 49.75, 38.71),
('2015-02-17', 49.79, 38.77),
('2015-02-18', 49.83, 38.83),
('2015-02-19', 49.87, 38.89),
('2015-02-20', 49.91, 38.95),
('2015-02-21', 49.94, 39.01),
('2015-02-22', 49.98, 39.06),
('2015-02-23', 50.02, 39.12),
('2015-02-24', 50.06, 39.18),
('2015-02-25', 50.1, 39.24),
('2015-02-26', 50.13, 39.3),
('2015-02-27', 50.17, 39.36),
('2015-02-28', 50.21, 39.42),
('2015-03-01', 50.25, 39.48),
('2015-03-02', 50.29, 39.54),
('2015-03-03', 50.32, 39.59),
('2015-03-04', 50.36, 39.65),
('2015-03-05', 50.4, 39.71),
('2015-03-06', 50.44, 39.77),
('2015-03-07', 50.48, 39.83),
('2015-03-08', 50.51, 39.89),
('2015-03-09', 50.55, 39.95),
('2015-03-10', 50.59, 40.01),
('2015-03-11', 50.63, 40.07),
('2015-03-12', 50.67, 40.13),
('2015-03-13', 50.71, 40.18),
('2015-03-14', 50.74, 40.24),
('2015-03-15', 50.78, 40.3),
('2015-03-16', 50.82, 40.36),
('2015-03-17', 50.86, 40.42),
('2015-03-18', 50.9, 40.48),
('2015-03-19', 50.93, 40.54),
('2015-03-20', 50.97, 40.6),
('2015-03-21', 51.01, 40.66),
('2015-03-22', 51.05, 40.71),
('2015-03-23', 51.09, 40.77),
('2015-03-24', 51.12, 40.83),
('2015-03-25', 51.16, 40.89),
('2015-03-26', 51.2, 40.95),
('2015-03-27', 51.24, 41.01),
('2015-03-28', 51.28, 41.07),
('2015-03-29', 51.31, 41.13),
('2015-03-30', 51.35, 41.19),
('2015-03-31', 51.39, 41.24),
('2015-04-01', 51.43, 41.3),
('2015-04-02', 51.47, 41.36),
('2015-04-03', 51.51, 41.42),
('2015-04-04', 51.54, 41.48),
('2015-04-05', 51.58, 41.54),
('2015-04-06', 51.62, 41.6),
('2015-04-07', 51.66, 41.66),
('2015-04-08', 51.7, 41.72),
('2015-04-09', 51.73, 41.78),
('2015-04-10', 51.77, 41.83),
('2015-04-11', 51.81, 41.89),
('2015-04-12', 51.85, 41.95),
('2015-04-13', 51.89, 42.01),
('2015-04-14', 51.92, 42.07),
('2015-04-15', 51.96, 42.13),
('2015-04-16', 52, 42.19),
('2015-04-17', 52.04, 42.25),
('2015-04-18', 52.08, 42.31),
('2015-04-19', 52.11, 42.36),
('2015-04-20', 52.15, 42.42),
('2015-04-21', 52.19, 42.48),
('2015-04-22', 52.23, 42.54),
('2015-04-23', 52.27, 42.6),
('2015-04-24', 52.31, 42.66),
('2015-04-25', 52.34, 42.72),
('2015-04-26', 52.38, 42.78),
('2015-04-27', 52.42, 42.84),
('2015-04-28', 52.46, 42.9),
('2015-04-29', 52.5, 42.95),
('2015-04-30', 52.53, 43.01),
('2015-05-01', 52.57, 43.07),
('2015-05-02', 52.61, 43.13),
('2015-05-03', 52.65, 43.19),
('2015-05-04', 52.69, 43.25),
('2015-05-05', 52.72, 43.31),
('2015-05-06', 52.76, 43.37),
('2015-05-07', 52.8, 43.43),
('2015-05-08', 52.84, 43.48),
('2015-05-09', 52.88, 43.54),
('2015-05-10', 52.92, 43.6),
('2015-05-11', 52.95, 43.66),
('2015-05-12', 52.99, 43.72),
('2015-05-13', 53.03, 43.78),
('2015-05-14', 53.07, 43.84),
('2015-05-15', 53.11, 43.9),
('2015-05-16', 53.14, 43.96),
('2015-05-17', 53.18, 44.01),
('2015-05-18', 53.22, 44.07),
('2015-05-19', 53.26, 44.13),
('2015-05-20', 53.3, 44.19),
('2015-05-21', 53.33, 44.25),
('2015-05-22', 53.37, 44.31),
('2015-05-23', 53.41, 44.37),
('2015-05-24', 53.45, 44.43),
('2015-05-25', 53.49, 44.49),
('2015-05-26', 53.52, 44.55),
('2015-05-27', 53.56, 44.6),
('2015-05-28', 53.6, 44.66),
('2015-05-29', 53.64, 44.72),
('2015-05-30', 53.68, 44.78),
('2015-05-31', 53.72, 44.84),
('2015-06-01', 53.75, 44.9),
('2015-06-02', 53.79, 44.96),
('2015-06-03', 53.83, 45.02),
('2015-06-04', 53.87, 45.08),
('2015-06-05', 53.91, 45.13),
('2015-06-06', 53.94, 45.19),
('2015-06-07', 53.98, 45.25),
('2015-06-08', 54.02, 45.31),
('2015-06-09', 54.06, 45.37),
('2015-06-10', 54.1, 45.43),
('2015-06-11', 54.13, 45.49),
('2015-06-12', 54.17, 45.55),
('2015-06-13', 54.21, 45.61),
('2015-06-14', 54.25, 45.66),
('2015-06-15', 54.29, 45.72),
('2015-06-16', 54.32, 45.78),
('2015-06-17', 54.36, 45.84),
('2015-06-18', 54.4, 45.9),
('2015-06-19', 54.44, 45.96),
('2015-06-20', 54.48, 46.02),
('2015-06-21', 54.52, 46.08),
('2015-06-22', 54.55, 46.14),
('2015-06-23', 54.59, 46.2),
('2015-06-24', 54.63, 46.25),
('2015-06-25', 54.67, 46.31),
('2015-06-26', 54.71, 46.37),
('2015-06-27', 54.74, 46.43),
('2015-06-28', 54.78, 46.49),
('2015-06-29', 54.82, 46.55),
('2015-06-30', 54.86, 46.61),
('2015-07-01', 54.9, 46.67),
('2015-07-02', 54.93, 46.73),
('2015-07-03', 54.97, 46.78),
('2015-07-04', 55.01, 46.84),
('2015-07-05', 55.05, 46.9),
('2015-07-06', 55.09, 46.96),
('2015-07-07', 55.12, 47.02),
('2015-07-08', 55.16, 47.08),
('2015-07-09', 55.2, 47.14),
('2015-07-10', 55.24, 47.2),
('2015-07-11', 55.28, 47.26),
('2015-07-12', 55.32, 47.31),
('2015-07-13', 55.35, 47.37),
('2015-07-14', 55.39, 47.43),
('2015-07-15', 55.43, 47.49),
('2015-07-16', 55.47, 47.55),
('2015-07-17', 55.51, 47.61),
('2015-07-18', 55.54, 47.67),
('2015-07-19', 55.58, 47.73),
('2015-07-20', 55.62, 47.79),
('2015-07-21', 55.66, 47.85),
('2015-07-22', 55.7, 47.9),
('2015-07-23', 55.73, 47.96),
('2015-07-24', 55.77, 48.02),
('2015-07-25', 55.81, 48.08),
('2015-07-26', 55.85, 48.14),
('2015-07-27', 55.89, 48.2),
('2015-07-28', 55.92, 48.26),
('2015-07-29', 55.96, 48.32),
('2015-07-30', 56, 48.38),
('2015-07-31', 56.04, 48.43),
('2015-08-01', 56.08, 48.49),
('2015-08-02', 56.12, 48.55),
('2015-08-03', 56.15, 48.61),
('2015-08-04', 56.19, 48.67),
('2015-08-05', 56.23, 48.73),
('2015-08-06', 56.27, 48.79),
('2015-08-07', 56.31, 48.85),
('2015-08-08', 56.34, 48.91),
('2015-08-09', 56.38, 48.96),
('2015-08-10', 56.42, 49.02),
('2015-08-11', 56.46, 49.08),
('2015-08-12', 56.5, 49.14),
('2015-08-13', 56.53, 49.2),
('2015-08-14', 56.57, 49.26),
('2015-08-15', 56.61, 49.32),
('2015-08-16', 56.65, 49.38),
('2015-08-17', 56.69, 49.44),
('2015-08-18', 56.73, 49.5),
('2015-08-19', 56.76, 49.55),
('2015-08-20', 56.8, 49.61),
('2015-08-21', 56.84, 49.67),
('2015-08-22', 56.88, 49.73),
('2015-08-23', 56.92, 49.79),
('2015-08-24', 56.95, 49.85),
('2015-08-25', 56.99, 49.91),
('2015-08-26', 57.03, 49.97),
('2015-08-27', 57.07, 50.03),
('2015-08-28', 57.11, 50.08),
('2015-08-29', 57.14, 50.14),
('2015-08-30', 57.18, 50.2),
('2015-08-31', 57.22, 50.26),
('2015-09-01', 57.26, 50.32),
('2015-09-02', 57.3, 50.38),
('2015-09-03', 57.33, 50.44),
('2015-09-04', 57.37, 50.5),
('2015-09-05', 57.41, 50.56),
('2015-09-06', 57.45, 50.62),
('2015-09-07', 57.49, 50.67),
('2015-09-08', 57.53, 50.73),
('2015-09-09', 57.56, 50.79),
('2015-09-10', 57.6, 50.85),
('2015-09-11', 57.64, 50.91),
('2015-09-12', 57.68, 50.97),
('2015-09-13', 57.72, 51.03),
('2015-09-14', 57.75, 51.09),
('2015-09-15', 57.79, 51.15),
('2015-09-16', 57.83, 51.2),
('2015-09-17', 57.87, 51.26),
('2015-09-18', 57.91, 51.32),
('2015-09-19', 57.94, 51.38),
('2015-09-20', 57.98, 51.44),
('2015-09-21', 58.02, 51.5),
('2015-09-22', 58.06, 51.56),
('2015-09-23', 58.1, 51.62),
('2015-09-24', 58.13, 51.68),
('2015-09-25', 58.17, 51.73),
('2015-09-26', 58.21, 51.79),
('2015-09-27', 58.25, 51.85),
('2015-09-28', 58.29, 51.91),
('2015-09-29', 58.33, 51.97),
('2015-09-30', 58.36, 52.03),
('2015-10-01', 58.4, 52.09),
('2015-10-02', 58.44, 52.15),
('2015-10-03', 58.48, 52.21),
('2015-10-04', 58.52, 52.27),
('2015-10-05', 58.55, 52.32),
('2015-10-06', 58.59, 52.38),
('2015-10-07', 58.63, 52.44),
('2015-10-08', 58.67, 52.5),
('2015-10-09', 58.71, 52.56),
('2015-10-10', 58.74, 52.62),
('2015-10-11', 58.78, 52.68),
('2015-10-12', 58.82, 52.74),
('2015-10-13', 58.86, 52.8),
('2015-10-14', 58.9, 52.85),
('2015-10-15', 58.93, 52.91),
('2015-10-16', 58.97, 52.97),
('2015-10-17', 59.01, 53.03),
('2015-10-18', 59.05, 53.09),
('2015-10-19', 59.09, 53.15),
('2015-10-20', 59.13, 53.21),
('2015-10-21', 59.16, 53.27),
('2015-10-22', 59.2, 53.33),
('2015-10-23', 59.24, 53.38),
('2015-10-24', 59.28, 53.44),
('2015-10-25', 59.32, 53.5),
('2015-10-26', 59.35, 53.56),
('2015-10-27', 59.39, 53.62),
('2015-10-28', 59.43, 53.68),
('2015-10-29', 59.47, 53.74),
('2015-10-30', 59.51, 53.8),
('2015-10-31', 59.54, 53.86),
('2015-11-01', 59.58, 53.92),
('2015-11-02', 59.62, 53.97),
('2015-11-03', 59.66, 54.03),
('2015-11-04', 59.7, 54.09),
('2015-11-05', 59.74, 54.15),
('2015-11-06', 59.77, 54.21),
('2015-11-07', 59.81, 54.27),
('2015-11-08', 59.85, 54.33),
('2015-11-09', 59.89, 54.39),
('2015-11-10', 59.93, 54.45),
('2015-11-11', 59.96, 54.5),
('2015-11-12', 60, 54.56),
('2015-11-13', 60.04, 54.62),
('2015-11-14', 60.08, 54.68),
('2015-11-15', 60.12, 54.74),
('2015-11-16', 60.15, 54.8),
('2015-11-17', 60.19, 54.86),
('2015-11-18', 60.23, 54.92),
('2015-11-19', 60.27, 54.98),
('2015-11-20', 60.31, 55.03),
('2015-11-21', 60.34, 55.09),
('2015-11-22', 60.38, 55.15),
('2015-11-23', 60.42, 55.21),
('2015-11-24', 60.46, 55.27),
('2015-11-25', 60.5, 55.33),
('2015-11-26', 60.54, 55.39),
('2015-11-27', 60.57, 55.45),
('2015-11-28', 60.61, 55.51),
('2015-11-29', 60.65, 55.57),
('2015-11-30', 60.69, 55.62),
('2015-12-01', 60.73, 55.68),
('2015-12-02', 60.76, 55.74),
('2015-12-03', 60.8, 55.8),
('2015-12-04', 60.84, 55.86),
('2015-12-05', 60.88, 55.92),
('2015-12-06', 60.92, 55.98),
('2015-12-07', 60.84, 55.86),
('2016-01-01', 12345700, 87654300);

-- --------------------------------------------------------

--
-- Table structure for table `tbl_list_coal_plant`
--

CREATE TABLE `tbl_list_coal_plant` (
  `coal_plant_id` int(11) NOT NULL,
  `coal_plant_name` varchar(100) DEFAULT NULL,
  `coal_plant_location` varchar(100) DEFAULT NULL,
  `coal_plant_operator` varchar(100) DEFAULT NULL
) ENGINE=InnoDB DEFAULT CHARSET=latin1;

-- --------------------------------------------------------

--
-- Table structure for table `tbl_ntpc_power_generation`
--

CREATE TABLE `tbl_ntpc_power_generation` (
  `date` date NOT NULL,
  `target` float DEFAULT NULL,
  `actual` float DEFAULT NULL
) ENGINE=InnoDB DEFAULT CHARSET=latin1;

--
-- Dumping data for table `tbl_ntpc_power_generation`
--

INSERT INTO `tbl_ntpc_power_generation` (`date`, `target`, `actual`) VALUES
('2015-01-01', 192, 144),
('2015-01-02', 192.15, 144.24),
('2015-01-03', 192.3, 144.47),
('2015-01-04', 192.46, 144.71),
('2015-01-05', 192.61, 144.94),
('2015-01-06', 192.76, 145.18),
('2015-01-07', 192.91, 145.41),
('2015-01-08', 193.07, 145.65),
('2015-01-09', 193.22, 145.89),
('2015-01-10', 193.37, 146.12),
('2015-01-11', 193.52, 146.36),
('2015-01-12', 193.68, 146.59),
('2015-01-13', 193.83, 146.83),
('2015-01-14', 193.98, 147.06),
('2015-01-15', 194.13, 147.3),
('2015-01-16', 194.29, 147.54),
('2015-01-17', 194.44, 147.77),
('2015-01-18', 194.59, 148.01),
('2015-01-19', 194.74, 148.24),
('2015-01-20', 194.9, 148.48),
('2015-01-21', 195.05, 148.71),
('2015-01-22', 195.2, 148.95),
('2015-01-23', 195.35, 149.19),
('2015-01-24', 195.51, 149.42),
('2015-01-25', 195.66, 149.66),
('2015-01-26', 195.81, 149.89),
('2015-01-27', 195.96, 150.13),
('2015-01-28', 196.11, 150.36),
('2015-01-29', 196.27, 150.6),
('2015-01-30', 196.42, 150.84),
('2015-01-31', 196.57, 151.07),
('2015-02-01', 196.72, 151.31),
('2015-02-02', 196.88, 151.54),
('2015-02-03', 197.03, 151.78),
('2015-02-04', 197.18, 152.01),
('2015-02-05', 197.33, 152.25),
('2015-02-06', 197.49, 152.49),
('2015-02-07', 197.64, 152.72),
('2015-02-08', 197.79, 152.96),
('2015-02-09', 197.94, 153.19),
('2015-02-10', 198.1, 153.43),
('2015-02-11', 198.25, 153.66),
('2015-02-12', 198.4, 153.9),
('2015-02-13', 198.55, 154.14),
('2015-02-14', 198.71, 154.37),
('2015-02-15', 198.86, 154.61),
('2015-02-16', 199.01, 154.84),
('2015-02-17', 199.16, 155.08),
('2015-02-18', 199.32, 155.31),
('2015-02-19', 199.47, 155.55),
('2015-02-20', 199.62, 155.79),
('2015-02-21', 199.77, 156.02),
('2015-02-22', 199.92, 156.26),
('2015-02-23', 200.08, 156.49),
('2015-02-24', 200.23, 156.73),
('2015-02-25', 200.38, 156.96),
('2015-02-26', 200.53, 157.2),
('2015-02-27', 200.69, 157.44),
('2015-02-28', 200.84, 157.67),
('2015-03-01', 200.99, 157.91),
('2015-03-02', 201.14, 158.14),
('2015-03-03', 201.3, 158.38),
('2015-03-04', 201.45, 158.62),
('2015-03-05', 201.6, 158.85),
('2015-03-06', 201.75, 159.09),
('2015-03-07', 201.91, 159.32),
('2015-03-08', 202.06, 159.56),
('2015-03-09', 202.21, 159.79),
('2015-03-10', 202.36, 160.03),
('2015-03-11', 202.52, 160.27),
('2015-03-12', 202.67, 160.5),
('2015-03-13', 202.82, 160.74),
('2015-03-14', 202.97, 160.97),
('2015-03-15', 203.13, 161.21),
('2015-03-16', 203.28, 161.44),
('2015-03-17', 203.43, 161.68),
('2015-03-18', 203.58, 161.92),
('2015-03-19', 203.74, 162.15),
('2015-03-20', 203.89, 162.39),
('2015-03-21', 204.04, 162.62),
('2015-03-22', 204.19, 162.86),
('2015-03-23', 204.34, 163.09),
('2015-03-24', 204.5, 163.33),
('2015-03-25', 204.65, 163.57),
('2015-03-26', 204.8, 163.8),
('2015-03-27', 204.95, 164.04),
('2015-03-28', 205.11, 164.27),
('2015-03-29', 205.26, 164.51),
('2015-03-30', 205.41, 164.74),
('2015-03-31', 205.56, 164.98),
('2015-04-01', 205.72, 165.22),
('2015-04-02', 205.87, 165.45),
('2015-04-03', 206.02, 165.69),
('2015-04-04', 206.17, 165.92),
('2015-04-05', 206.33, 166.16),
('2015-04-06', 206.48, 166.39),
('2015-04-07', 206.63, 166.63),
('2015-04-08', 206.78, 166.87),
('2015-04-09', 206.94, 167.1),
('2015-04-10', 207.09, 167.34),
('2015-04-11', 207.24, 167.57),
('2015-04-12', 207.39, 167.81),
('2015-04-13', 207.55, 168.04),
('2015-04-14', 207.7, 168.28),
('2015-04-15', 207.85, 168.52),
('2015-04-16', 208, 168.75),
('2015-04-17', 208.15, 168.99),
('2015-04-18', 208.31, 169.22),
('2015-04-19', 208.46, 169.46),
('2015-04-20', 208.61, 169.69),
('2015-04-21', 208.76, 169.93),
('2015-04-22', 208.92, 170.17),
('2015-04-23', 209.07, 170.4),
('2015-04-24', 209.22, 170.64),
('2015-04-25', 209.37, 170.87),
('2015-04-26', 209.53, 171.11),
('2015-04-27', 209.68, 171.34),
('2015-04-28', 209.83, 171.58),
('2015-04-29', 209.98, 171.82),
('2015-04-30', 210.14, 172.05),
('2015-05-01', 210.29, 172.29),
('2015-05-02', 210.44, 172.52),
('2015-05-03', 210.59, 172.76),
('2015-05-04', 210.75, 172.99),
('2015-05-05', 210.9, 173.23),
('2015-05-06', 211.05, 173.47),
('2015-05-07', 211.2, 173.7),
('2015-05-08', 211.36, 173.94),
('2015-05-09', 211.51, 174.17),
('2015-05-10', 211.66, 174.41),
('2015-05-11', 211.81, 174.64),
('2015-05-12', 211.96, 174.88),
('2015-05-13', 212.12, 175.12),
('2015-05-14', 212.27, 175.35),
('2015-05-15', 212.42, 175.59),
('2015-05-16', 212.57, 175.82),
('2015-05-17', 212.73, 176.06),
('2015-05-18', 212.88, 176.29),
('2015-05-19', 213.03, 176.53),
('2015-05-20', 213.18, 176.77),
('2015-05-21', 213.34, 177),
('2015-05-22', 213.49, 177.24),
('2015-05-23', 213.64, 177.47),
('2015-05-24', 213.79, 177.71),
('2015-05-25', 213.95, 177.94),
('2015-05-26', 214.1, 178.18),
('2015-05-27', 214.25, 178.42),
('2015-05-28', 214.4, 178.65),
('2015-05-29', 214.56, 178.89),
('2015-05-30', 214.71, 179.12),
('2015-05-31', 214.86, 179.36),
('2015-06-01', 215.01, 179.59),
('2015-06-02', 215.17, 179.83),
('2015-06-03', 215.32, 180.07),
('2015-06-04', 215.47, 180.3),
('2015-06-05', 215.62, 180.54),
('2015-06-06', 215.77, 180.77),
('2015-06-07', 215.93, 181.01),
('2015-06-08', 216.08, 181.24),
('2015-06-09', 216.23, 181.48),
('2015-06-10', 216.38, 181.72),
('2015-06-11', 216.54, 181.95),
('2015-06-12', 216.69, 182.19),
('2015-06-13', 216.84, 182.42),
('2015-06-14', 216.99, 182.66),
('2015-06-15', 217.15, 182.89),
('2015-06-16', 217.3, 183.13),
('2015-06-17', 217.45, 183.37),
('2015-06-18', 217.6, 183.6),
('2015-06-19', 217.76, 183.84),
('2015-06-20', 217.91, 184.07),
('2015-06-21', 218.06, 184.31),
('2015-06-22', 218.21, 184.55),
('2015-06-23', 218.37, 184.78),
('2015-06-24', 218.52, 185.02),
('2015-06-25', 218.67, 185.25),
('2015-06-26', 218.82, 185.49),
('2015-06-27', 218.98, 185.72),
('2015-06-28', 219.13, 185.96),
('2015-06-29', 219.28, 186.2),
('2015-06-30', 219.43, 186.43),
('2015-07-01', 219.59, 186.67),
('2015-07-02', 219.74, 186.9),
('2015-07-03', 219.89, 187.14),
('2015-07-04', 220.04, 187.37),
('2015-07-05', 220.19, 187.61),
('2015-07-06', 220.35, 187.85),
('2015-07-07', 220.5, 188.08),
('2015-07-08', 220.65, 188.32),
('2015-07-09', 220.8, 188.55),
('2015-07-10', 220.96, 188.79),
('2015-07-11', 221.11, 189.02),
('2015-07-12', 221.26, 189.26),
('2015-07-13', 221.41, 189.5),
('2015-07-14', 221.57, 189.73),
('2015-07-15', 221.72, 189.97),
('2015-07-16', 221.87, 190.2),
('2015-07-17', 222.02, 190.44),
('2015-07-18', 222.18, 190.67),
('2015-07-19', 222.33, 190.91),
('2015-07-20', 222.48, 191.15),
('2015-07-21', 222.63, 191.38),
('2015-07-22', 222.79, 191.62),
('2015-07-23', 222.94, 191.85),
('2015-07-24', 223.09, 192.09),
('2015-07-25', 223.24, 192.32),
('2015-07-26', 223.4, 192.56),
('2015-07-27', 223.55, 192.8),
('2015-07-28', 223.7, 193.03),
('2015-07-29', 223.85, 193.27),
('2015-07-30', 224, 193.5),
('2015-07-31', 224.16, 193.74),
('2015-08-01', 224.31, 193.97),
('2015-08-02', 224.46, 194.21),
('2015-08-03', 224.61, 194.45),
('2015-08-04', 224.77, 194.68),
('2015-08-05', 224.92, 194.92),
('2015-08-06', 225.07, 195.15),
('2015-08-07', 225.22, 195.39),
('2015-08-08', 225.38, 195.62),
('2015-08-09', 225.53, 195.86),
('2015-08-10', 225.68, 196.1),
('2015-08-11', 225.83, 196.33),
('2015-08-12', 225.99, 196.57),
('2015-08-13', 226.14, 196.8),
('2015-08-14', 226.29, 197.04),
('2015-08-15', 226.44, 197.27),
('2015-08-16', 226.6, 197.51),
('2015-08-17', 226.75, 197.75),
('2015-08-18', 226.9, 197.98),
('2015-08-19', 227.05, 198.22),
('2015-08-20', 227.21, 198.45),
('2015-08-21', 227.36, 198.69),
('2015-08-22', 227.51, 198.92),
('2015-08-23', 227.66, 199.16),
('2015-08-24', 227.81, 199.4),
('2015-08-25', 227.97, 199.63),
('2015-08-26', 228.12, 199.87),
('2015-08-27', 228.27, 200.1),
('2015-08-28', 228.42, 200.34),
('2015-08-29', 228.58, 200.57),
('2015-08-30', 228.73, 200.81),
('2015-08-31', 228.88, 201.05),
('2015-09-01', 229.03, 201.28),
('2015-09-02', 229.19, 201.52),
('2015-09-03', 229.34, 201.75),
('2015-09-04', 229.49, 201.99),
('2015-09-05', 229.64, 202.22),
('2015-09-06', 229.8, 202.46),
('2015-09-07', 229.95, 202.7),
('2015-09-08', 230.1, 202.93),
('2015-09-09', 230.25, 203.17),
('2015-09-10', 230.41, 203.4),
('2015-09-11', 230.56, 203.64),
('2015-09-12', 230.71, 203.87),
('2015-09-13', 230.86, 204.11),
('2015-09-14', 231.02, 204.35),
('2015-09-15', 231.17, 204.58),
('2015-09-16', 231.32, 204.82),
('2015-09-17', 231.47, 205.05),
('2015-09-18', 231.62, 205.29),
('2015-09-19', 231.78, 205.52),
('2015-09-20', 231.93, 205.76),
('2015-09-21', 232.08, 206),
('2015-09-22', 232.23, 206.23),
('2015-09-23', 232.39, 206.47),
('2015-09-24', 232.54, 206.7),
('2015-09-25', 232.69, 206.94),
('2015-09-26', 232.84, 207.17),
('2015-09-27', 233, 207.41),
('2015-09-28', 233.15, 207.65),
('2015-09-29', 233.3, 207.88),
('2015-09-30', 233.45, 208.12),
('2015-10-01', 233.61, 208.35),
('2015-10-02', 233.76, 208.59),
('2015-10-03', 233.91, 208.82),
('2015-10-04', 234.06, 209.06),
('2015-10-05', 234.22, 209.3),
('2015-10-06', 234.37, 209.53),
('2015-10-07', 234.52, 209.77),
('2015-10-08', 234.67, 210),
('2015-10-09', 234.83, 210.24),
('2015-10-10', 234.98, 210.48),
('2015-10-11', 235.13, 210.71),
('2015-10-12', 235.28, 210.95),
('2015-10-13', 235.44, 211.18),
('2015-10-14', 235.59, 211.42),
('2015-10-15', 235.74, 211.65),
('2015-10-16', 235.89, 211.89),
('2015-10-17', 236.04, 212.13),
('2015-10-18', 236.2, 212.36),
('2015-10-19', 236.35, 212.6),
('2015-10-20', 236.5, 212.83),
('2015-10-21', 236.65, 213.07),
('2015-10-22', 236.81, 213.3),
('2015-10-23', 236.96, 213.54),
('2015-10-24', 237.11, 213.78),
('2015-10-25', 237.26, 214.01),
('2015-10-26', 237.42, 214.25),
('2015-10-27', 237.57, 214.48),
('2015-10-28', 237.72, 214.72),
('2015-10-29', 237.87, 214.95),
('2015-10-30', 238.03, 215.19),
('2015-10-31', 238.18, 215.43),
('2015-11-01', 238.33, 215.66),
('2015-11-02', 238.48, 215.9),
('2015-11-03', 238.64, 216.13),
('2015-11-04', 238.79, 216.37),
('2015-11-05', 238.94, 216.6),
('2015-11-06', 239.09, 216.84),
('2015-11-07', 239.25, 217.08),
('2015-11-08', 239.4, 217.31),
('2015-11-09', 239.55, 217.55),
('2015-11-10', 239.7, 217.78),
('2015-11-11', 239.85, 218.02),
('2015-11-12', 240.01, 218.25),
('2015-11-13', 240.16, 218.49),
('2015-11-14', 240.31, 218.73),
('2015-11-15', 240.46, 218.96),
('2015-11-16', 240.62, 219.2),
('2015-11-17', 240.77, 219.43),
('2015-11-18', 240.92, 219.67),
('2015-11-19', 241.07, 219.9),
('2015-11-20', 241.23, 220.14),
('2015-11-21', 241.38, 220.38),
('2015-11-22', 241.53, 220.61),
('2015-11-23', 241.68, 220.85),
('2015-11-24', 241.84, 221.08),
('2015-11-25', 241.99, 221.32),
('2015-11-26', 242.14, 221.55),
('2015-11-27', 242.29, 221.79),
('2015-11-28', 242.45, 222.03),
('2015-11-29', 242.6, 222.26),
('2015-11-30', 242.75, 222.5),
('2015-12-01', 242.9, 222.73),
('2015-12-02', 243.06, 222.97),
('2015-12-03', 243.21, 223.2),
('2015-12-04', 243.36, 223.44),
('2015-12-05', 243.51, 223.68),
('2015-12-06', 243.66, 223.91),
('2015-12-07', 243.36, 223.44),
('2016-01-01', 1234, 4321);

-- --------------------------------------------------------

--
-- Table structure for table `tbl_peak_power_shortage_daily`
--

CREATE TABLE `tbl_peak_power_shortage_daily` (
  `date` date DEFAULT NULL,
  `target` float DEFAULT NULL,
  `actual` float DEFAULT NULL
) ENGINE=InnoDB DEFAULT CHARSET=latin1;

INSERT INTO `tbl_peak_power_shortage_daily` (`date`, `target`, `actual`) VALUES
('2015-01-01', 19, 40),
('2015-01-02', 21.52, 42.36),
('2015-01-03', 23.05, 44.71),
('2015-01-04', 24.57, 47.07),
('2015-01-05', 26.1, 19.43),
('2015-01-06', 27.62, 51.79),
('2015-01-07', 29.14, 54.14),
('2015-01-08', 30.67, 56.5),
('2015-01-09', 32.19, 58.86),
('2015-01-10', 33.72, 61.22),
('2015-01-11', 35.24, 63.57),
('2015-01-12', 36.76, 65.93),
('2015-01-13', 38.29, 68.29);
-- --------------------------------------------------------

--
-- Table structure for table `tbl_peak_power_shortage_monthly`
--

CREATE TABLE `tbl_peak_power_shortage_monthly` (
  `date` varchar(20) DEFAULT NULL,
  `target` float DEFAULT NULL,
  `actual` float DEFAULT NULL
) ENGINE=InnoDB DEFAULT CHARSET=latin1;

INSERT INTO `tbl_peak_power_shortage_monthly` (`date`, `target`, `actual`) VALUES
('2015-01-01', 19, 40),
('2015-01-02', 21.52, 42.36),
('2015-01-03', 23.05, 44.71),
('2015-01-04', 24.57, 47.07),
('2015-01-05', 26.1, 19.43),
('2015-01-06', 27.62, 51.79),
('2015-01-07', 29.14, 54.14),
('2015-01-08', 30.67, 56.5),
('2015-01-09', 32.19, 58.86),
('2015-01-10', 33.72, 61.22),
('2015-01-11', 35.24, 63.57),
('2015-01-12', 36.76, 65.93),
('2015-01-13', 38.29, 68.29);
-- --------------------------------------------------------

--
-- Table structure for table `tbl_peak_power_shortage_ytd`
--

CREATE TABLE `tbl_peak_power_shortage_ytd` (
  `date` varchar(10) DEFAULT NULL,
  `target` float DEFAULT NULL,
  `actual` float DEFAULT NULL
) ENGINE=InnoDB DEFAULT CHARSET=latin1;

INSERT INTO `tbl_peak_power_shortage_ytd` (`date`, `target`, `actual`) VALUES
('2015-01-01', 19, 40),
('2015-01-02', 21.52, 42.36),
('2015-01-03', 23.05, 44.71),
('2015-01-04', 24.57, 47.07),
('2015-01-05', 26.1, 19.43),
('2015-01-06', 27.62, 51.79),
('2015-01-07', 29.14, 54.14),
('2015-01-08', 30.67, 56.5),
('2015-01-09', 32.19, 58.86),
('2015-01-10', 33.72, 61.22),
('2015-01-11', 35.24, 63.57),
('2015-01-12', 36.76, 65.93),
('2015-01-13', 38.29, 68.29);
-- --------------------------------------------------------

--
-- Table structure for table `tbl_super_critical_coal_plant`
--

CREATE TABLE `tbl_super_critical_coal_plant` (
  `date` date NOT NULL,
  `target` float DEFAULT NULL,
  `actual` float DEFAULT NULL
) ENGINE=InnoDB DEFAULT CHARSET=latin1;
INSERT INTO `tbl_super_critical_coal_plant` (`date`, `actual`,`target`) VALUES
('2015-01-01', 2400, 1800),
('2015-01-02', 2401.91, 1802.95),
('2015-01-03', 2403.81, 1805.89),
('2015-01-04', 2405.72, 1808.84),
('2015-01-05', 2407.62, 1811.79),
('2015-01-06', 2409.53, 1814.73),
('2015-01-07', 2411.43, 1817.68),
('2015-01-08', 2413.34, 1820.63),
('2015-01-09', 2415.24, 1823.57),
('2015-01-10', 2417.15, 1826.52),
('2015-01-11', 2419.05, 1829.47),
('2015-01-12', 2420.96, 1832.41),
('2015-01-13', 2422.86, 1835.36),
('2015-01-14', 2424.77, 1838.31),
('2015-01-15', 2426.67, 1841.25),
('2015-01-16', 2428.58, 1844.2),
('2015-01-17', 2430.48, 1847.15),
('2015-01-18', 2432.39, 1850.09),
('2015-01-19', 2434.29, 1853.04),
('2015-01-20', 2436.2, 1855.99),
('2015-01-21', 2438.1, 1858.93),
('2015-01-22', 2440.01, 1861.88),
('2015-01-23', 2441.91, 1864.82),
('2015-01-24', 2443.82, 1867.77),
('2015-01-25', 2445.72, 1870.72),
('2015-01-26', 2447.63, 1873.66),
('2015-01-27', 2449.53, 1876.61),
('2015-01-28', 2451.44, 1879.56),
('2015-01-29', 2453.34, 1882.5),
('2015-01-30', 2455.25, 1885.45),
('2015-01-31', 2457.15, 1888.4),
('2015-02-01', 2459.06, 1891.34),
('2015-02-02', 2460.96, 1894.29),
('2015-02-03', 2462.87, 1897.24),
('2015-02-04', 2464.77, 1900.18),
('2015-02-05', 2466.68, 1903.13),
('2015-02-06', 2468.58, 1906.08),
('2015-02-07', 2470.49, 1909.02),
('2015-02-08', 2472.39, 1911.97),
('2015-02-09', 2474.3, 1914.92),
('2015-02-10', 2476.2, 1917.86),
('2015-02-11', 2478.11, 1920.81),
('2015-02-12', 2480.01, 1923.76),
('2015-02-13', 2481.92, 1926.7),
('2015-02-14', 2483.82, 1929.65),
('2015-02-15', 2485.73, 1932.6),
('2015-02-16', 2487.63, 1935.54),
('2015-02-17', 2489.54, 1938.49),
('2015-02-18', 2491.44, 1941.44),
('2015-02-19', 2493.35, 1944.38);

-- --------------------------------------------------------

--
-- Table structure for table `tbl_total_power_generation`
--

CREATE TABLE `tbl_total_power_generation` (
  `date` date NOT NULL,
  `target` float DEFAULT NULL,
  `actual` float DEFAULT NULL
) ENGINE=InnoDB DEFAULT CHARSET=latin1;

--
-- Dumping data for table `tbl_total_power_generation`
--

INSERT INTO `tbl_total_power_generation` (`date`, `target`, `actual`) VALUES
('2015-01-01', 2400, 1800),
('2015-01-02', 2401.91, 1802.95),
('2015-01-03', 2403.81, 1805.89),
('2015-01-04', 2405.72, 1808.84),
('2015-01-05', 2407.62, 1811.79),
('2015-01-06', 2409.53, 1814.73),
('2015-01-07', 2411.43, 1817.68),
('2015-01-08', 2413.34, 1820.63),
('2015-01-09', 2415.24, 1823.57),
('2015-01-10', 2417.15, 1826.52),
('2015-01-11', 2419.05, 1829.47),
('2015-01-12', 2420.96, 1832.41),
('2015-01-13', 2422.86, 1835.36),
('2015-01-14', 2424.77, 1838.31),
('2015-01-15', 2426.67, 1841.25),
('2015-01-16', 2428.58, 1844.2),
('2015-01-17', 2430.48, 1847.15),
('2015-01-18', 2432.39, 1850.09),
('2015-01-19', 2434.29, 1853.04),
('2015-01-20', 2436.2, 1855.99),
('2015-01-21', 2438.1, 1858.93),
('2015-01-22', 2440.01, 1861.88),
('2015-01-23', 2441.91, 1864.82),
('2015-01-24', 2443.82, 1867.77),
('2015-01-25', 2445.72, 1870.72),
('2015-01-26', 2447.63, 1873.66),
('2015-01-27', 2449.53, 1876.61),
('2015-01-28', 2451.44, 1879.56),
('2015-01-29', 2453.34, 1882.5),
('2015-01-30', 2455.25, 1885.45),
('2015-01-31', 2457.15, 1888.4),
('2015-02-01', 2459.06, 1891.34),
('2015-02-02', 2460.96, 1894.29),
('2015-02-03', 2462.87, 1897.24),
('2015-02-04', 2464.77, 1900.18),
('2015-02-05', 2466.68, 1903.13),
('2015-02-06', 2468.58, 1906.08),
('2015-02-07', 2470.49, 1909.02),
('2015-02-08', 2472.39, 1911.97),
('2015-02-09', 2474.3, 1914.92),
('2015-02-10', 2476.2, 1917.86),
('2015-02-11', 2478.11, 1920.81),
('2015-02-12', 2480.01, 1923.76),
('2015-02-13', 2481.92, 1926.7),
('2015-02-14', 2483.82, 1929.65),
('2015-02-15', 2485.73, 1932.6),
('2015-02-16', 2487.63, 1935.54),
('2015-02-17', 2489.54, 1938.49),
('2015-02-18', 2491.44, 1941.44),
('2015-02-19', 2493.35, 1944.38),
('2015-02-20', 2495.25, 1947.33),
('2015-02-21', 2497.16, 1950.28),
('2015-02-22', 2499.06, 1953.22),
('2015-02-23', 2500.97, 1956.17),
('2015-02-24', 2502.87, 1959.12),
('2015-02-25', 2504.78, 1962.06),
('2015-02-26', 2506.68, 1965.01),
('2015-02-27', 2508.59, 1967.96),
('2015-02-28', 2510.49, 1970.9),
('2015-03-01', 2512.4, 1973.85),
('2015-03-02', 2514.3, 1976.8),
('2015-03-03', 2516.21, 1979.74),
('2015-03-04', 2518.11, 1982.69),
('2015-03-05', 2520.02, 1985.64),
('2015-03-06', 2521.92, 1988.58),
('2015-03-07', 2523.83, 1991.53),
('2015-03-08', 2525.73, 1994.47),
('2015-03-09', 2527.64, 1997.42),
('2015-03-10', 2529.54, 2000.37),
('2015-03-11', 2531.45, 2003.31),
('2015-03-12', 2533.35, 2006.26),
('2015-03-13', 2535.26, 2009.21),
('2015-03-14', 2537.16, 2012.15),
('2015-03-15', 2539.07, 2015.1),
('2015-03-16', 2540.97, 2018.05),
('2015-03-17', 2542.88, 2020.99),
('2015-03-18', 2544.78, 2023.94),
('2015-03-19', 2546.69, 2026.89),
('2015-03-20', 2548.59, 2029.83),
('2015-03-21', 2550.5, 2032.78),
('2015-03-22', 2552.4, 2035.73),
('2015-03-23', 2554.31, 2038.67),
('2015-03-24', 2556.21, 2041.62),
('2015-03-25', 2558.12, 2044.57),
('2015-03-26', 2560.02, 2047.51),
('2015-03-27', 2561.93, 2050.46),
('2015-03-28', 2563.83, 2053.41),
('2015-03-29', 2565.74, 2056.35),
('2015-03-30', 2567.64, 2059.3),
('2015-03-31', 2569.55, 2062.25),
('2015-04-01', 2571.45, 2065.19),
('2015-04-02', 2573.36, 2068.14),
('2015-04-03', 2575.26, 2071.09),
('2015-04-04', 2577.17, 2074.03),
('2015-04-05', 2579.07, 2076.98),
('2015-04-06', 2580.98, 2079.93),
('2015-04-07', 2582.88, 2082.87),
('2015-04-08', 2584.79, 2085.82),
('2015-04-09', 2586.69, 2088.77),
('2015-04-10', 2588.6, 2091.71),
('2015-04-11', 2590.5, 2094.66),
('2015-04-12', 2592.41, 2097.61),
('2015-04-13', 2594.31, 2100.55),
('2015-04-14', 2596.22, 2103.5),
('2015-04-15', 2598.12, 2106.45),
('2015-04-16', 2600.03, 2109.39),
('2015-04-17', 2601.93, 2112.34),
('2015-04-18', 2603.84, 2115.28),
('2015-04-19', 2605.74, 2118.23),
('2015-04-20', 2607.65, 2121.18),
('2015-04-21', 2609.55, 2124.12),
('2015-04-22', 2611.46, 2127.07),
('2015-04-23', 2613.36, 2130.02),
('2015-04-24', 2615.27, 2132.96),
('2015-04-25', 2617.18, 2135.91),
('2015-04-26', 2619.08, 2138.86),
('2015-04-27', 2620.99, 2141.8),
('2015-04-28', 2622.89, 2144.75),
('2015-04-29', 2624.8, 2147.7),
('2015-04-30', 2626.7, 2150.64),
('2015-05-01', 2628.61, 2153.59),
('2015-05-02', 2630.51, 2156.54),
('2015-05-03', 2632.42, 2159.48),
('2015-05-04', 2634.32, 2162.43),
('2015-05-05', 2636.23, 2165.38),
('2015-05-06', 2638.13, 2168.32),
('2015-05-07', 2640.04, 2171.27),
('2015-05-08', 2641.94, 2174.22),
('2015-05-09', 2643.85, 2177.16),
('2015-05-10', 2645.75, 2180.11),
('2015-05-11', 2647.66, 2183.06),
('2015-05-12', 2649.56, 2186),
('2015-05-13', 2651.47, 2188.95),
('2015-05-14', 2653.37, 2191.9),
('2015-05-15', 2655.28, 2194.84),
('2015-05-16', 2657.18, 2197.79),
('2015-05-17', 2659.09, 2200.74),
('2015-05-18', 2660.99, 2203.68),
('2015-05-19', 2662.9, 2206.63),
('2015-05-20', 2664.8, 2209.58),
('2015-05-21', 2666.71, 2212.52),
('2015-05-22', 2668.61, 2215.47),
('2015-05-23', 2670.52, 2218.42),
('2015-05-24', 2672.42, 2221.36),
('2015-05-25', 2674.33, 2224.31),
('2015-05-26', 2676.23, 2227.26),
('2015-05-27', 2678.14, 2230.2),
('2015-05-28', 2680.04, 2233.15),
('2015-05-29', 2681.95, 2236.09),
('2015-05-30', 2683.85, 2239.04),
('2015-05-31', 2685.76, 2241.99),
('2015-06-01', 2687.66, 2244.93),
('2015-06-02', 2689.57, 2247.88),
('2015-06-03', 2691.47, 2250.83),
('2015-06-04', 2693.38, 2253.77),
('2015-06-05', 2695.28, 2256.72),
('2015-06-06', 2697.19, 2259.67),
('2015-06-07', 2699.09, 2262.61),
('2015-06-08', 2701, 2265.56),
('2015-06-09', 2702.9, 2268.51),
('2015-06-10', 2704.81, 2271.45),
('2015-06-11', 2706.71, 2274.4),
('2015-06-12', 2708.62, 2277.35),
('2015-06-13', 2710.52, 2280.29),
('2015-06-14', 2712.43, 2283.24),
('2015-06-15', 2714.33, 2286.19),
('2015-06-16', 2716.24, 2289.13),
('2015-06-17', 2718.14, 2292.08),
('2015-06-18', 2720.05, 2295.03),
('2015-06-19', 2721.95, 2297.97),
('2015-06-20', 2723.86, 2300.92),
('2015-06-21', 2725.76, 2303.87),
('2015-06-22', 2727.67, 2306.81),
('2015-06-23', 2729.57, 2309.76),
('2015-06-24', 2731.48, 2312.71),
('2015-06-25', 2733.38, 2315.65),
('2015-06-26', 2735.29, 2318.6),
('2015-06-27', 2737.19, 2321.55),
('2015-06-28', 2739.1, 2324.49),
('2015-06-29', 2741, 2327.44),
('2015-06-30', 2742.91, 2330.39),
('2015-07-01', 2744.81, 2333.33),
('2015-07-02', 2746.72, 2336.28),
('2015-07-03', 2748.62, 2339.23),
('2015-07-04', 2750.53, 2342.17),
('2015-07-05', 2752.43, 2345.12),
('2015-07-06', 2754.34, 2348.07),
('2015-07-07', 2756.24, 2351.01),
('2015-07-08', 2758.15, 2353.96),
('2015-07-09', 2760.05, 2356.91),
('2015-07-10', 2761.96, 2359.85),
('2015-07-11', 2763.86, 2362.8),
('2015-07-12', 2765.77, 2365.74),
('2015-07-13', 2767.67, 2368.69),
('2015-07-14', 2769.58, 2371.64),
('2015-07-15', 2771.48, 2374.58),
('2015-07-16', 2773.39, 2377.53),
('2015-07-17', 2775.29, 2380.48),
('2015-07-18', 2777.2, 2383.42),
('2015-07-19', 2779.1, 2386.37),
('2015-07-20', 2781.01, 2389.32),
('2015-07-21', 2782.91, 2392.26),
('2015-07-22', 2784.82, 2395.21),
('2015-07-23', 2786.72, 2398.16),
('2015-07-24', 2788.63, 2401.1),
('2015-07-25', 2790.53, 2404.05),
('2015-07-26', 2792.44, 2407),
('2015-07-27', 2794.34, 2409.94),
('2015-07-28', 2796.25, 2412.89),
('2015-07-29', 2798.15, 2415.84),
('2015-07-30', 2800.06, 2418.78),
('2015-07-31', 2801.96, 2421.73),
('2015-08-01', 2803.87, 2424.68),
('2015-08-02', 2805.77, 2427.62),
('2015-08-03', 2807.68, 2430.57),
('2015-08-04', 2809.58, 2433.52),
('2015-08-05', 2811.49, 2436.46),
('2015-08-06', 2813.39, 2439.41),
('2015-08-07', 2815.3, 2442.36),
('2015-08-08', 2817.2, 2445.3),
('2015-08-09', 2819.11, 2448.25),
('2015-08-10', 2821.01, 2451.2),
('2015-08-11', 2822.92, 2454.14),
('2015-08-12', 2824.82, 2457.09),
('2015-08-13', 2826.73, 2460.04),
('2015-08-14', 2828.64, 2462.98),
('2015-08-15', 2830.54, 2465.93),
('2015-08-16', 2832.45, 2468.88),
('2015-08-17', 2834.35, 2471.82),
('2015-08-18', 2836.26, 2474.77),
('2015-08-19', 2838.16, 2477.72),
('2015-08-20', 2840.07, 2480.66),
('2015-08-21', 2841.97, 2483.61),
('2015-08-22', 2843.88, 2486.55),
('2015-08-23', 2845.78, 2489.5),
('2015-08-24', 2847.69, 2492.45),
('2015-08-25', 2849.59, 2495.39),
('2015-08-26', 2851.5, 2498.34),
('2015-08-27', 2853.4, 2501.29),
('2015-08-28', 2855.31, 2504.23),
('2015-08-29', 2857.21, 2507.18),
('2015-08-30', 2859.12, 2510.13),
('2015-08-31', 2861.02, 2513.07),
('2015-09-01', 2862.93, 2516.02),
('2015-09-02', 2864.83, 2518.97),
('2015-09-03', 2866.74, 2521.91),
('2015-09-04', 2868.64, 2524.86),
('2015-09-05', 2870.55, 2527.81),
('2015-09-06', 2872.45, 2530.75),
('2015-09-07', 2874.36, 2533.7),
('2015-09-08', 2876.26, 2536.65),
('2015-09-09', 2878.17, 2539.59),
('2015-09-10', 2880.07, 2542.54),
('2015-09-11', 2881.98, 2545.49),
('2015-09-12', 2883.88, 2548.43),
('2015-09-13', 2885.79, 2551.38),
('2015-09-14', 2887.69, 2554.33),
('2015-09-15', 2889.6, 2557.27),
('2015-09-16', 2891.5, 2560.22),
('2015-09-17', 2893.41, 2563.17),
('2015-09-18', 2895.31, 2566.11),
('2015-09-19', 2897.22, 2569.06),
('2015-09-20', 2899.12, 2572.01),
('2015-09-21', 2901.03, 2574.95),
('2015-09-22', 2902.93, 2577.9),
('2015-09-23', 2904.84, 2580.85),
('2015-09-24', 2906.74, 2583.79),
('2015-09-25', 2908.65, 2586.74),
('2015-09-26', 2910.55, 2589.69),
('2015-09-27', 2912.46, 2592.63),
('2015-09-28', 2914.36, 2595.58),
('2015-09-29', 2916.27, 2598.53),
('2015-09-30', 2918.17, 2601.47),
('2015-10-01', 2920.08, 2604.42),
('2015-10-02', 2921.98, 2607.36),
('2015-10-03', 2923.89, 2610.31),
('2015-10-04', 2925.79, 2613.26),
('2015-10-05', 2927.7, 2616.2),
('2015-10-06', 2929.6, 2619.15),
('2015-10-07', 2931.51, 2622.1),
('2015-10-08', 2933.41, 2625.04),
('2015-10-09', 2935.32, 2627.99),
('2015-10-10', 2937.22, 2630.94),
('2015-10-11', 2939.13, 2633.88),
('2015-10-12', 2941.03, 2636.83),
('2015-10-13', 2942.94, 2639.78),
('2015-10-14', 2944.84, 2642.72),
('2015-10-15', 2946.75, 2645.67),
('2015-10-16', 2948.65, 2648.62),
('2015-10-17', 2950.56, 2651.56),
('2015-10-18', 2952.46, 2654.51),
('2015-10-19', 2954.37, 2657.46),
('2015-10-20', 2956.27, 2660.4),
('2015-10-21', 2958.18, 2663.35),
('2015-10-22', 2960.08, 2666.3),
('2015-10-23', 2961.99, 2669.24),
('2015-10-24', 2963.89, 2672.19),
('2015-10-25', 2965.8, 2675.14),
('2015-10-26', 2967.7, 2678.08),
('2015-10-27', 2969.61, 2681.03),
('2015-10-28', 2971.51, 2683.98),
('2015-10-29', 2973.42, 2686.92),
('2015-10-30', 2975.32, 2689.87),
('2015-10-31', 2977.23, 2692.82),
('2015-11-01', 2979.13, 2695.76),
('2015-11-02', 2981.04, 2698.71),
('2015-11-03', 2982.94, 2701.66),
('2015-11-04', 2984.85, 2704.6),
('2015-11-05', 2986.75, 2707.55),
('2015-11-06', 2988.66, 2710.5),
('2015-11-07', 2990.56, 2713.44),
('2015-11-08', 2992.47, 2716.39),
('2015-11-09', 2994.37, 2719.34),
('2015-11-10', 2996.28, 2722.28),
('2015-11-11', 2998.18, 2725.23),
('2015-11-12', 3000.09, 2728.18),
('2015-11-13', 3001.99, 2731.12),
('2015-11-14', 3003.9, 2734.07),
('2015-11-15', 3005.8, 2737.01),
('2015-11-16', 3007.71, 2739.96),
('2015-11-17', 3009.61, 2742.91),
('2015-11-18', 3011.52, 2745.85),
('2015-11-19', 3013.42, 2748.8),
('2015-11-20', 3015.33, 2751.75),
('2015-11-21', 3017.23, 2754.69),
('2015-11-22', 3019.14, 2757.64),
('2015-11-23', 3021.04, 2760.59),
('2015-11-24', 3022.95, 2763.53),
('2015-11-25', 3024.85, 2766.48),
('2015-11-26', 3026.76, 2769.43),
('2015-11-27', 3028.66, 2772.37),
('2015-11-28', 3030.57, 2775.32),
('2015-11-29', 3032.47, 2778.27),
('2015-11-30', 3034.38, 2781.21),
('2015-12-01', 3036.28, 2784.16),
('2015-12-02', 3038.19, 2787.11),
('2015-12-03', 3040.09, 2790.05),
('2015-12-04', 3042, 2793),
('2015-12-05', 3043.91, 2795.95),
('2015-12-06', 3045.81, 2798.89),
('2015-12-07', 3042, 2793);

--
-- Indexes for dumped tables
--

--
-- Indexes for table `tbl_coal_power_generation`
--
ALTER TABLE `tbl_coal_power_generation`
  ADD PRIMARY KEY (`date`);

--
-- Indexes for table `tbl_gas_power_generation`
--
ALTER TABLE `tbl_gas_power_generation`
  ADD PRIMARY KEY (`date`);

--
-- Indexes for table `tbl_hydro_power_generation`
--
ALTER TABLE `tbl_hydro_power_generation`
  ADD PRIMARY KEY (`date`);

--
-- Indexes for table `tbl_list_coal_plant`
--
ALTER TABLE `tbl_list_coal_plant`
  ADD PRIMARY KEY (`coal_plant_id`);

--
-- Indexes for table `tbl_ntpc_power_generation`
--
ALTER TABLE `tbl_ntpc_power_generation`
  ADD PRIMARY KEY (`date`);

--
-- Indexes for table `tbl_total_power_generation`
--
ALTER TABLE `tbl_total_power_generation`
  ADD PRIMARY KEY (`date`);

--
-- AUTO_INCREMENT for dumped tables
--

--
-- AUTO_INCREMENT for table `tbl_list_coal_plant`
--
ALTER TABLE `tbl_list_coal_plant`
  MODIFY `coal_plant_id` int(11) NOT NULL AUTO_INCREMENT;
/*!40101 SET CHARACTER_SET_CLIENT=@OLD_CHARACTER_SET_CLIENT */;
/*!40101 SET CHARACTER_SET_RESULTS=@OLD_CHARACTER_SET_RESULTS */;
/*!40101 SET COLLATION_CONNECTION=@OLD_COLLATION_CONNECTION */;
